path,resolution,series,img_id,format,sys_id,date
3000/damage_1.png,3000,damage,1,png,0.1,2022-01-04
800/damage_1.png,800,damage,1,png,0.1,2022-01-04
3000/damage_10.png,3000,damage,10,png,0.1,2022-01-04
800/damage_10.png,800,damage,10,png,0.1,2022-01-04
3000/damage_100.png,3000,damage,100,png,0.1,2022-01-04
800/damage_100.png,800,damage,100,png,0.1,2022-01-04
3000/damage_11.png,3000,damage,11,png,0.1,2022-01-04
800/damage_11.png,800,damage,11,png,0.1,2022-01-04
3000/damage_12.png,3000,damage,12,png,0.1,2022-01-04
800/damage_12.png,800,damage,12,png,0.1,2022-01-04
3000/damage_13.png,3000,damage,13,png,0.1,2022-01-04
800/damage_13.png,800,damage,13,png,0.1,2022-01-04
3000/damage_14.png,3000,damage,14,png,0.1,2022-01-04
800/damage_14.png,800,damage,14,png,0.1,2022-01-04
3000/damage_15.png,3000,damage,15,png,0.1,2022-01-04
800/damage_15.png,800,damage,15,png,0.1,2022-01-04
3000/damage_16.png,3000,damage,16,png,0.1,2022-01-04
800/damage_16.png,800,damage,16,png,0.1,2022-01-04
3000/damage_17.png,3000,damage,17,png,0.1,2022-01-04
800/damage_17.png,800,damage,17,png,0.1,2022-01-04
3000/damage_18.png,3000,damage,18,png,0.1,2022-01-04
800/damage_18.png,800,damage,18,png,0.1,2022-01-04
3000/damage_19.png,3000,damage,19,png,0.1,2022-01-04
800/damage_19.png,800,damage,19,png,0.1,2022-01-04
3000/damage_20.png,3000,damage,20,png,0.1,2022-01-04
800/damage_20.png,800,damage,20,png,0.1,2022-01-04
3000/damage_21.png,3000,damage,21,png,0.1,2022-01-04
800/damage_21.png,800,damage,21,png,0.1,2022-01-04
3000/damage_22.png,3000,damage,22,png,0.1,2022-01-04
800/damage_22.png,800,damage,22,png,0.1,2022-01-04
3000/damage_23.png,3000,damage,23,png,0.1,2022-01-04
800/damage_23.png,800,damage,23,png,0.1,2022-01-04
3000/damage_24.png,3000,damage,24,png,0.1,2022-01-04
800/damage_24.png,800,damage,24,png,0.1,2022-01-04
3000/damage_25.png,3000,damage,25,png,0.1,2022-01-04
800/damage_25.png,800,damage,25,png,0.1,2022-01-04
3000/damage_26.png,3000,damage,26,png,0.1,2022-01-04
800/damage_26.png,800,damage,26,png,0.1,2022-01-04
3000/damage_27.png,3000,damage,27,png,0.1,2022-01-04
800/damage_27.png,800,damage,27,png,0.1,2022-01-04
3000/damage_28.png,3000,damage,28,png,0.1,2022-01-04
800/damage_28.png,800,damage,28,png,0.1,2022-01-04
3000/damage_29.png,3000,damage,29,png,0.1,2022-01-04
800/damage_29.png,800,damage,29,png,0.1,2022-01-04
3000/damage_3.png,3000,damage,3,png,0.1,2022-01-04
800/damage_3.png,800,damage,3,png,0.1,2022-01-04
3000/damage_30.png,3000,damage,30,png,0.1,2022-01-04
800/damage_30.png,800,damage,30,png,0.1,2022-01-04
3000/damage_31.png,3000,damage,31,png,0.1,2022-01-04
800/damage_31.png,800,damage,31,png,0.1,2022-01-04
3000/damage_32.png,3000,damage,32,png,0.1,2022-01-04
800/damage_32.png,800,damage,32,png,0.1,2022-01-04
3000/damage_33.png,3000,damage,33,png,0.1,2022-01-04
800/damage_33.png,800,damage,33,png,0.1,2022-01-04
3000/damage_34.png,3000,damage,34,png,0.1,2022-01-04
800/damage_34.png,800,damage,34,png,0.1,2022-01-04
3000/damage_35.png,3000,damage,35,png,0.1,2022-01-04
800/damage_35.png,800,damage,35,png,0.1,2022-01-04
3000/damage_36.png,3000,damage,36,png,0.1,2022-01-04
800/damage_36.png,800,damage,36,png,0.1,2022-01-04
3000/damage_37.png,3000,damage,37,png,0.1,2022-01-04
800/damage_37.png,800,damage,37,png,0.1,2022-01-04
3000/damage_38.png,3000,damage,38,png,0.1,2022-01-04
800/damage_38.png,800,damage,38,png,0.1,2022-01-04
3000/damage_39.png,3000,damage,39,png,0.1,2022-01-04
800/damage_39.png,800,damage,39,png,0.1,2022-01-04
3000/damage_4.png,3000,damage,4,png,0.1,2022-01-04
800/damage_4.png,800,damage,4,png,0.1,2022-01-04
3000/damage_40.png,3000,damage,40,png,0.1,2022-01-04
800/damage_40.png,800,damage,40,png,0.1,2022-01-04
3000/damage_41.png,3000,damage,41,png,0.1,2022-01-04
800/damage_41.png,800,damage,41,png,0.1,2022-01-04
3000/damage_42.png,3000,damage,42,png,0.1,2022-01-04
800/damage_42.png,800,damage,42,png,0.1,2022-01-04
3000/damage_43.png,3000,damage,43,png,0.1,2022-01-04
800/damage_43.png,800,damage,43,png,0.1,2022-01-04
3000/damage_44.png,3000,damage,44,png,0.1,2022-01-04
800/damage_44.png,800,damage,44,png,0.1,2022-01-04
3000/damage_45.png,3000,damage,45,png,0.1,2022-01-04
800/damage_45.png,800,damage,45,png,0.1,2022-01-04
3000/damage_46.png,3000,damage,46,png,0.1,2022-01-04
800/damage_46.png,800,damage,46,png,0.1,2022-01-04
3000/damage_47.png,3000,damage,47,png,0.1,2022-01-04
800/damage_47.png,800,damage,47,png,0.1,2022-01-04
3000/damage_48.png,3000,damage,48,png,0.1,2022-01-04
800/damage_48.png,800,damage,48,png,0.1,2022-01-04
3000/damage_49.png,3000,damage,49,png,0.1,2022-01-04
800/damage_49.png,800,damage,49,png,0.1,2022-01-04
3000/damage_5.png,3000,damage,5,png,0.1,2022-01-04
800/damage_5.png,800,damage,5,png,0.1,2022-01-04
3000/damage_50.png,3000,damage,50,png,0.1,2022-01-04
800/damage_50.png,800,damage,50,png,0.1,2022-01-04
3000/damage_51.png,3000,damage,51,png,0.1,2022-01-04
800/damage_51.png,800,damage,51,png,0.1,2022-01-04
3000/damage_52.png,3000,damage,52,png,0.1,2022-01-04
800/damage_52.png,800,damage,52,png,0.1,2022-01-04
3000/damage_53.png,3000,damage,53,png,0.1,2022-01-04
800/damage_53.png,800,damage,53,png,0.1,2022-01-04
3000/damage_54.png,3000,damage,54,png,0.1,2022-01-04
800/damage_54.png,800,damage,54,png,0.1,2022-01-04
3000/damage_55.png,3000,damage,55,png,0.1,2022-01-04
800/damage_55.png,800,damage,55,png,0.1,2022-01-04
3000/damage_56.png,3000,damage,56,png,0.1,2022-01-04
800/damage_56.png,800,damage,56,png,0.1,2022-01-04
3000/damage_57.png,3000,damage,57,png,0.1,2022-01-04
800/damage_57.png,800,damage,57,png,0.1,2022-01-04
3000/damage_58.png,3000,damage,58,png,0.1,2022-01-04
800/damage_58.png,800,damage,58,png,0.1,2022-01-04
3000/damage_59.png,3000,damage,59,png,0.1,2022-01-04
800/damage_59.png,800,damage,59,png,0.1,2022-01-04
3000/damage_6.png,3000,damage,6,png,0.1,2022-01-04
800/damage_6.png,800,damage,6,png,0.1,2022-01-04
3000/damage_60.png,3000,damage,60,png,0.1,2022-01-04
800/damage_60.png,800,damage,60,png,0.1,2022-01-04
3000/damage_61.png,3000,damage,61,png,0.1,2022-01-04
800/damage_61.png,800,damage,61,png,0.1,2022-01-04
3000/damage_62.png,3000,damage,62,png,0.1,2022-01-04
800/damage_62.png,800,damage,62,png,0.1,2022-01-04
3000/damage_63.png,3000,damage,63,png,0.1,2022-01-04
800/damage_63.png,800,damage,63,png,0.1,2022-01-04
3000/damage_64.png,3000,damage,64,png,0.1,2022-01-04
800/damage_64.png,800,damage,64,png,0.1,2022-01-04
3000/damage_65.png,3000,damage,65,png,0.1,2022-01-04
800/damage_65.png,800,damage,65,png,0.1,2022-01-04
3000/damage_66.png,3000,damage,66,png,0.1,2022-01-04
800/damage_66.png,800,damage,66,png,0.1,2022-01-04
3000/damage_67.png,3000,damage,67,png,0.1,2022-01-04
800/damage_67.png,800,damage,67,png,0.1,2022-01-04
3000/damage_68.png,3000,damage,68,png,0.1,2022-01-04
800/damage_68.png,800,damage,68,png,0.1,2022-01-04
3000/damage_69.png,3000,damage,69,png,0.1,2022-01-04
800/damage_69.png,800,damage,69,png,0.1,2022-01-04
3000/damage_7.png,3000,damage,7,png,0.1,2022-01-04
800/damage_7.png,800,damage,7,png,0.1,2022-01-04
3000/damage_70.png,3000,damage,70,png,0.1,2022-01-04
800/damage_70.png,800,damage,70,png,0.1,2022-01-04
3000/damage_71.png,3000,damage,71,png,0.1,2022-01-04
800/damage_71.png,800,damage,71,png,0.1,2022-01-04
3000/damage_72.png,3000,damage,72,png,0.1,2022-01-04
800/damage_72.png,800,damage,72,png,0.1,2022-01-04
3000/damage_73.png,3000,damage,73,png,0.1,2022-01-04
800/damage_73.png,800,damage,73,png,0.1,2022-01-04
3000/damage_74.png,3000,damage,74,png,0.1,2022-01-04
800/damage_74.png,800,damage,74,png,0.1,2022-01-04
3000/damage_75.png,3000,damage,75,png,0.1,2022-01-04
800/damage_75.png,800,damage,75,png,0.1,2022-01-04
3000/damage_76.png,3000,damage,76,png,0.1,2022-01-04
800/damage_76.png,800,damage,76,png,0.1,2022-01-04
3000/damage_77.png,3000,damage,77,png,0.1,2022-01-04
800/damage_77.png,800,damage,77,png,0.1,2022-01-04
3000/damage_78.png,3000,damage,78,png,0.1,2022-01-04
800/damage_78.png,800,damage,78,png,0.1,2022-01-04
3000/damage_79.png,3000,damage,79,png,0.1,2022-01-04
800/damage_79.png,800,damage,79,png,0.1,2022-01-04
3000/damage_8.png,3000,damage,8,png,0.1,2022-01-04
800/damage_8.png,800,damage,8,png,0.1,2022-01-04
3000/damage_80.png,3000,damage,80,png,0.1,2022-01-04
800/damage_80.png,800,damage,80,png,0.1,2022-01-04
3000/damage_81.png,3000,damage,81,png,0.1,2022-01-04
800/damage_81.png,800,damage,81,png,0.1,2022-01-04
3000/damage_82.png,3000,damage,82,png,0.1,2022-01-04
800/damage_82.png,800,damage,82,png,0.1,2022-01-04
3000/damage_83.png,3000,damage,83,png,0.1,2022-01-04
800/damage_83.png,800,damage,83,png,0.1,2022-01-04
3000/damage_84.png,3000,damage,84,png,0.1,2022-01-04
800/damage_84.png,800,damage,84,png,0.1,2022-01-04
3000/damage_85.png,3000,damage,85,png,0.1,2022-01-04
800/damage_85.png,800,damage,85,png,0.1,2022-01-04
3000/damage_86.png,3000,damage,86,png,0.1,2022-01-04
800/damage_86.png,800,damage,86,png,0.1,2022-01-04
3000/damage_87.png,3000,damage,87,png,0.1,2022-01-04
800/damage_87.png,800,damage,87,png,0.1,2022-01-04
3000/damage_88.png,3000,damage,88,png,0.1,2022-01-04
800/damage_88.png,800,damage,88,png,0.1,2022-01-04
3000/damage_89.png,3000,damage,89,png,0.1,2022-01-04
800/damage_89.png,800,damage,89,png,0.1,2022-01-04
3000/damage_9.png,3000,damage,9,png,0.1,2022-01-04
800/damage_9.png,800,damage,9,png,0.1,2022-01-04
3000/damage_90.png,3000,damage,90,png,0.1,2022-01-04
800/damage_90.png,800,damage,90,png,0.1,2022-01-04
3000/damage_91.png,3000,damage,91,png,0.1,2022-01-04
800/damage_91.png,800,damage,91,png,0.1,2022-01-04
3000/damage_92.png,3000,damage,92,png,0.1,2022-01-04
800/damage_92.png,800,damage,92,png,0.1,2022-01-04
3000/damage_93.png,3000,damage,93,png,0.1,2022-01-04
800/damage_93.png,800,damage,93,png,0.1,2022-01-04
3000/damage_94.png,3000,damage,94,png,0.1,2022-01-04
800/damage_94.png,800,damage,94,png,0.1,2022-01-04
3000/damage_95.png,3000,damage,95,png,0.1,2022-01-04
800/damage_95.png,800,damage,95,png,0.1,2022-01-04
3000/damage_96.png,3000,damage,96,png,0.1,2022-01-04
800/damage_96.png,800,damage,96,png,0.1,2022-01-04
3000/damage_97.png,3000,damage,97,png,0.1,2022-01-04
800/damage_97.png,800,damage,97,png,0.1,2022-01-04
3000/damage_98.png,3000,damage,98,png,0.1,2022-01-04
800/damage_98.png,800,damage,98,png,0.1,2022-01-04
3000/damage_99.png,3000,damage,99,png,0.1,2022-01-04
800/damage_99.png,800,damage,99,png,0.1,2022-01-04
